We,Oh,Bo
0.000832891690713479,0.015188352468351,0.0189312135804878
